{
  "final_top1_accuracy": 100.0,
  "final_top3_accuracy": 100.0,
  "final_loss": 0.00010871007601963356,
  "epochs": 30,
  "train_size": 1600,
  "test_size": 400,
  "all_losses": [
    0.7036806083098054,
    0.011218748548999428,
    0.004029499851167202,
    0.002257949805352837,
    0.001444856245070696,
    0.0010311592870857567,
    0.0007036219374276698,
    0.0006019037502119317,
    0.00044212378561496734,
    0.0003608960020937957,
    0.00031249282968929035,
    0.0002894501396804117,
    0.0002613012929214165,
    0.00025096345343627035,
    0.00021758205140940846,
    0.00021434207359561698,
    0.00017579037594259717,
    0.0001716978101467248,
    0.00016543997902772388,
    0.00016082806192571297,
    0.00013628221495309845,
    0.0001401842784252949,
    0.00012463133971323258,
    0.00012924247726914473,
    0.00012007929311948829,
    0.00011101510797743685,
    0.0001228268668637611,
    0.00011443107519880869,
    0.00010041412810096517,
    0.00010871007601963356
  ],
  "all_top1": [
    100.0,
    100.0,
    100.0,
    100.0,
    100.0,
    100.0,
    100.0,
    100.0,
    100.0,
    100.0,
    100.0,
    100.0,
    100.0,
    100.0,
    100.0,
    100.0,
    100.0,
    100.0,
    100.0,
    100.0,
    100.0,
    100.0,
    100.0,
    100.0,
    100.0,
    100.0,
    100.0,
    100.0,
    100.0,
    100.0
  ],
  "all_top3": [
    100.0,
    100.0,
    100.0,
    100.0,
    100.0,
    100.0,
    100.0,
    100.0,
    100.0,
    100.0,
    100.0,
    100.0,
    100.0,
    100.0,
    100.0,
    100.0,
    100.0,
    100.0,
    100.0,
    100.0,
    100.0,
    100.0,
    100.0,
    100.0,
    100.0,
    100.0,
    100.0,
    100.0,
    100.0,
    100.0
  ]
}